image,message
0.jpg,–ö—Ä–µ–¥–∏—Ç —Å –¥–æ—Å—Ç–∞–≤–∫–æ–π –∫ –í–∞–º –æ—Ç 2% –¥–æ 1 –º–ª–Ω.—Ä.: bit.ly/sinara-credit
1.jpg,"–¢–æ–º–∞—Ç—ã –ß–µ—Ä—Ä–∏, –≥–æ—Ä—è—á–µ–µ —Å–µ—Ä–¥—Ü–µ/–∫–ª—É–±–Ω–∏—á–Ω—ã–π –ø–æ—Ü–µ–ª—É–π, 200–≥ –∑–∞ 99,99‚ÇΩ –¥–æ 29 –º–∞—è –≤ –ú–∞–≥–Ω–∏—Ç. –î–æ -70% –Ω–∞ —Å–∫–æ–≤–æ—Ä–æ–¥—ã ROYAL KUCHEN! clck.ru/34Vubc"
2.jpg,‚àí410‚ÇΩ –Ω–∞ –ø–µ—Ä–≤—ã–π –∑–∞–∫–∞–∑ –≤ –º–∞–≥–∞–∑–∏–Ω–µ –æ—Ç 1500‚ÇΩ. –ü—Ä–æ–º–æ–∫–æ–¥ ‚Äî 410NEW
3.jpg,–§–∏–Ω–∞–ª—å–Ω–∞—è —Ä–∞—Å–ø—Ä–æ–¥–∞–∂–∞! –õ–ï–¢–û —Ü–µ–Ω—ã –ü–û–ü–û–õ–ê–ú! Francesco.ru
4.jpg,–ú–Ø–£ üê± –í –õ–≠–¢–£–ê–õ–¨ —á–µ—Ä–Ω–∞—è –ø—è—Ç–Ω–∏—Ü–∞ –õ–ï–¢–û–ú! –°–∫–∏–¥–∫–∏ –¥–æ 80%! üêà letu.ru/jp
5.png,"–ú–æ–ª–æ–∫–æ –°–≤–µ—Ç–∞–µ–≤–æ, 3,2%, 1 –ª ‚Äì 59 —Ä –ì–æ—Ä–æ—à–µ–∫ Greenola, –∑–µ–ª—ë–Ω—ã–π, –º–æ–ª–æ–¥–æ–π, 400 –≥ ‚Äì 49 —Ä –ß–∏–∂–∏–∫ ‚Äì –ø—Ä–æ–¥—É–∫—Ç—ã –ø–æ —É–ª—ë—Ç–Ω—ã–º —Ü–µ–Ω–∞–º! –ê–¥—Ä–µ—Å: –ú–æ—Å–∫–≤–∞, –ú–∞—Å—Ç–µ—Ä–æ–≤–∞—è, 17/1–∫2 –¶–µ–Ω—ã –¥–µ–π—Å—Ç–≤–∏—Ç–µ–ª—å–Ω—ã –¥–æ 21.06.2023"
6.jpg,"–í–∞–º 60 –¥–Ω–µ–π –ø–æ–¥–ø–∏—Å–∫–∏ –ü—Ä–∞–π–º –∑–∞ 1‚ÇΩ, –ø–æ–¥–∫–ª—é—á–∞–π—Ç–µ—Å—å cutt.ly/i4uN1YB"
7.jpg,"–ë–µ–∑–≥—Ä–∞–Ω–∏—á–Ω—ã–π –∫–µ—à–±—ç–∫ 10% –Ω–∞ –±–∞–ª–∞–Ω—Å —Ç–µ–ª–µ—Ñ–æ–Ω–∞ –∑–∞ –±—Ä–æ–Ω–∏—Ä–æ–≤–∞–Ω–∏–µ –æ—Ç–µ–ª–µ–π —á–µ—Ä–µ–∑ ¬´–Ø–Ω–¥–µ–∫—Å –ü—É—Ç–µ—à–µ—Å—Ç–≤–∏—è —Ö –±–∏–ª–∞–π–Ω¬ª! http://cm.beeline.ru/i/ERkqNaBxAH7lRRFG  –ê–∫—Ü–∏—è –¥–æ—Å—Ç—É–ø–Ω–∞ —Å 24.04.2023 –≥. –ø–æ 31.05.2023 –≥. –û—Ä–≥–∞–Ω–∏–∑–∞—Ç–æ—Ä, —Å—Ä–æ–∫–∏, –ø–æ—Ä—è–¥–æ–∫ –ø—Ä–æ–≤–µ–¥–µ–Ω–∏—è –∞–∫—Ü–∏–∏, –∞ —Ç–∞–∫–∂–µ —É—Å–ª–æ–≤–∏—è –∑–∞—á–∏—Å–ª–µ–Ω–∏—è –∫–µ—à–±—ç–∫–∞ –ø–æ —Å—Å—ã–ª–∫–µ –≤—ã—à–µ."
8.jpg,"3=2 –Ω–∞ –¢–ò–•–ò–ï –í–ò–ù–ê, –í–û–î–ö–£, –ë–†–ï–ù–î–ò –ø–æ –≤–∞—à–µ–π –∫–∞—Ä—Ç–µ 16.06 lenta.com/ZiXW"
9.png,"–°–£–ü–ï–†–°–ö–ò–î–ö–ò! –®–û–†–¢–´ –æ—Ç 449, –ú–ê–ô–ö–ò –æ—Ç 199, –ü–õ–ê–¢–¨–Ø –æ—Ç 349, –î–ñ–ò–ù–°–´ –æ—Ç 599!"
10.png,"üí≥–ê–Ω–Ω–∞, –æ—Ñ–æ—Ä–º–∏—Ç–µ –¥–µ–±–µ—Ç–æ–≤—É—é –∫–∞—Ä—Ç—É MTS Cashback –ú–∏—Ä: - —Å–Ω—è—Ç–∏–µ –Ω–∞–ª–∏—á–Ω—ã—Ö –¥–æ 100 —Ç—ã—Å. —Ä—É–±. –≤ –º–µ—Å. –±–µ–∑ –∫–æ–º–∏—Å—Å–∏–∏ –≤ –ª—é–±—ã—Ö –±–∞–Ω–∫–æ–º–∞—Ç–∞—Ö. –ö–µ—à–±—ç–∫: - 5% –≤ —Å—É–ø–µ—Ä–º–∞—Ä–∫–µ—Ç–∞—Ö üõí(—Å –ø–æ–¥–ø–∏—Å–∫–æ–π Premium), - 5% –Ω–∞ –¥–æ—Å—Ç–∞–≤–∫—É –µ–¥—ã, –≤ –∫–∞—Ñ–µ –∏ —Ä–µ—Å—Ç–æ—Ä–∞–Ω–∞—Ö üçï, –º–∞–≥–∞–∑–∏–Ω–∞—Ö –æ–¥–µ–∂–¥—ã,  - 1% –Ω–∞ –æ—Å—Ç–∞–ª—å–Ω—ã–µ –ø–æ–∫—É–ø–∫–∏ üõçÔ∏è  üëâ–ó–∞–∫–∞–∂–∏—Ç–µ –∫–∞—Ä—Ç—É —Å –±–µ—Å–ø–ª–∞—Ç–Ω–æ–π –¥–æ—Å—Ç–∞–≤–∫–æ–π l.mts.ru/1/dcard"
11.jpg,"-30% –Ω–∞ 1–π –∑–∞–∫–∞–∑ –ø–∏—Ç–æ–º—Ü–∞–º –≤ –°–±–µ—Ä–ú–∞—Ä–∫–µ—Ç –æ—Ç 1500—Ä –ö–æ–¥ ""09J"" –¥–æ 30.06.23 https://m.mrktlg.com/gZWoy5ho8x/SBERMARKET  –û–û–û ""–ò–Ω—Å—Ç–∞–º–∞—Ä—Ç –°–µ—Ä–≤–∏—Å"", –≥. –ú–æ—Å–∫–≤–∞, –°–∞–¥–æ–≤–Ω–∏—á–µ—Å–∫–∞—è —É–ª, –¥. 9–∞, —ç—Ç–∞–∂/–ø–æ–º–µ—â./–∫–æ–º. 5/I/1, –û–ì–†–ù 1187746494980 6+"
12.jpg,"–î–æ 26.06 –±–µ–∫–æ–Ω –î—ã–º–æ–≤ü•ì, 200–≥ (3445554) —Å–æ —Å–∫–∏–¥–∫–æ–π 56% –∑–∞ 129,99‚ÇΩ —Å –∫–∞—Ä—Ç–æ–π**0082 –≤ –ü–µ—Ä–µ–∫—Ä—ë—Å—Ç–∫–µ: —É–ª. 30 –ª–µ—Ç –ü–æ–±–µ–¥—ã, 46"
13.jpg,–ë—ã—Å—Ç—Ä–æ –¥–µ–Ω—å–≥–∏? –í—ã–±–∏—Ä–∞–π—Ç–µ –Ω–∞ –ø–æ—Ä—Ç–∞–ª–µ –∑–∞–π–º–æ–≤ clck.ru/sR4os
14.jpg,–í –ï–≤—Ä–æ–û–±—É–≤—å —Å–∫–∏–¥–∫–∏ –¥–æ -50%–Ω–∞ –†–∏–∫–µ—Ä –∏ –†–µ–º–æ–Ω—Ç–µ!–£—Å–ø–µ–π—Ç–µ –¥–æ –ø–æ–≤—ã—à–µ–Ω–∏–µ —Ü–µ–Ω!
15.jpg,"–ù–∞–π–¥–∏—Ç–µ –≤ SUNLIGHT –∏–¥–µ–∞–ª—å–Ω—ã–π –ø–æ–¥–∞—Ä–æ–∫ –¥–ª—è –Ω–µ–µ! –ó–æ–ª–æ—Ç–æ–µ üíç —Å 55 –±—Ä–∏–ª–ª–∏–∞–Ω—Ç–∞–º–∏ –∑–∞ 9990—Ä! –°–∫–∏–¥–∫–∏ –Ω–∞ –≤—Å–µ –∑–æ–ª–æ—Ç–æ –¥–æ -80%! https://lvsl.ru/lsv –û–û–û ""–°–æ–ª–Ω–µ—á–Ω—ã–π —Å–≤–µ—Ç"" –û–ì–†–ù 1167746485940 –≥. –ú–æ—Å–∫–≤–∞, —É–ª. –ì–µ—Ä–∞—Å–∏–º–∞ –ö—É—Ä–∏–Ω–∞, 10–∫1 (18+)"
16.jpg,–£–≤–µ–ª–∏—á–∏–º –≤–∞—à–µ –ø–æ–ø–æ–ª–Ω–µ–Ω–∏–µ –±–æ–Ω—É—Å–æ–º 3000‚Ç∏ ‚≠ê pmbet.cc/BP0S2D8v
17.jpg,"–ó–¥—Ä–∞–≤—Å—Ç–≤—É–π—Ç–µ.  –ö–æ–ª–ª–µ–≥–∏ –∏–∑ –ú–µ–≥–∞–§–æ–Ω–∞ –ø–æ–¥–µ–ª–∏–ª–∏—Å—å –ø—Ä–æ–º–æ–∫–æ–¥–æ–º –Ω–∞ —Å–º–∞—Ä—Ç—Ñ–æ–Ω—ã Xiaomi! –í—ã–±–µ—Ä–∏—Ç–µ —Å–≤–æ–π: - Xiaomi Redmi 10 (2022) 4/64 –ì–ë —Å–æ —Å–∫–∏–¥–∫–æ–π 3000 —Ä—É–±–ª–µ–π  - Xiaomi Redmi 10C 4/64 –ì–ë —Å–æ —Å–∫–∏–¥–∫–æ–π 2500 —Ä—É–±–ª–µ–π  - Xiaomi Redmi 12 4/128 –ì–ë —Å–æ —Å–∫–∏–¥–∫–æ–π 2000 —Ä—É–±–ª–µ–π   –ß—Ç–æ–±—ã –≤–æ—Å–ø–æ–ª—å–∑–æ–≤–∞—Ç—å—Å—è –ø—Ä–µ–¥–ª–æ–∂–µ–Ω–∏–µ–º, —É–∫–∞–∂–∏—Ç–µ –ø—Ä–æ–º–æ–∫–æ–¥ GYXM2CUMYP –ø—Ä–∏ –ø–æ–∫—É–ø–∫–µ –æ–¥–Ω–æ–≥–æ –∏–∑ —Å–º–∞—Ä—Ç—Ñ–æ–Ω–æ–≤ –≤ –ú–µ–≥–∞–§–æ–Ω–µ –¥–æ 31.07.2023.  –ü–æ–¥—Ä–æ–±–Ω–µ–µ: www.megafon.ru/go/xmi_12j  –ú–æ–∂–Ω–æ. Yota"
18.jpg,-20% –Ω–∞ –ú–Ø–°–û –∏ -40% –Ω–∞ –°–ö–û–í–û–†–û–î–´ 29-30.06 –≤ –ì–∏–ø–µ—Ä –õ–µ–Ω—Ç–µ lenta.com/yGWC
19.jpg,-50% –Ω–∞ –ò–ì–†–£–®–ö–ò –ò –ü–û–î–ì–£–ó–ù–ò–ö–ò 16.12 –ï—Å—Ç—å –æ–≥—Ä–∞–Ω–∏—á–µ–Ω–∏—è lenta.com/8No1
20.png,–¢–µ–Ω–Ω–∏—Å –≤ –ñ–µ–Ω–µ–≤–µ! –§—Ä–∏–±–µ—Ç —É–∂–µ –∂–¥–µ—Ç —Ç–µ–±—è: i.pari.ru/t01
21.jpg,"–û—Ç–∫—Ä—ã—Ç–∏–µ BohoRoom, –¥–∞—Ä–∏–º 500—Ä UDS –Ω–∞ –ø–æ–∫—É–ø–∫—É! –§–æ—Ä—É–º 2—ç—Ç. 89021609780"
22.jpg,–î–æ 400 –±–æ–Ω—É—Å–æ–≤ –°–±–µ—Ä–°–ø–∞—Å–∏–±–æ –∑–∞ –∑–∞–∫–∞–∑ –∏–∑ –ª—é–±–æ–≥–æ –º–∞–≥–∞–∑–∏–Ω–∞ –æ—Ç 1490‚ÇΩ —Å –ø—Ä–æ–º–æ–∫–æ–¥–æ–º bn29yr14ir. –¢–æ–ª—å–∫–æ –¥–æ 30.06!
23.jpg,"–¢–æ–ø–æ–ª–∏–Ω—ã–π –ø—É—Ö, –∂–∞—Ä–∞, –∏—é–ª—å‚òÄÔ∏è: 2.000—Ä —Å–µ–≥–æ–¥–Ω—è –∏ 100.000—Ä –≤ —Å—É–±–±–æ—Ç—É –º–æ–∂–µ—à—å –≤—ã–∏–≥—Ä–∞—Ç—å –∏–º–µ–Ω–Ω–æ —Ç—ã! –ü—Ä–∏—Å–æ–µ–¥–∏–Ω—è–π—Å—è‚û†https://toloto.by"
24.jpg,ü§© -30% –Ω–∞ –£—Ö–æ–¥ –¥–ª—è –õ–∏—Ü–∞ –¥–æ 15/02! –ö–æ–¥: –õ–ò–¶–û –î–µ—Ç–∞–ª–∏ –≤ –±—É—Ç–∏–∫–µ
25.jpg,–°–ø–µ—Ü–ø—Ä–µ–¥–ª–æ–∂–µ–Ω–∏–µ –µ–ö–∞–ø—É—Å—Ç–∞ - —Å–∫–∏–¥–∫–∞ 15%! –í–æ–∑—å–º–∏—Ç–µ –∑–∞–π–º –¥–æ 31.07.2023 –∏ –ø–æ–ª—É—á–∏—Ç–µ —Å–∫–∏–¥–∫—É 15%! –î–ª—è —ç—Ç–æ–≥–æ —É–∫–∞–∂–∏—Ç–µ –ø—Ä–æ–º–æ–∫–æ–¥: RVEG
26.jpg,–í—ã –ü–∞–∫–µ—Ç –∑–∞–±—ã–ª–∏! –í 10 —Ä–∞–∑ –±–æ–ª—å—à–µ –±–∞–ª–ª–æ–≤ –≤ –ü—è—Ç—ë—Ä–æ—á–∫–µ –∏ –ü–µ—Ä–µ–∫—Ä—ë—Å—Ç–∫–µ –∏ –¥—Ä—É–≥–∏–µ –ø—Ä–∏–≤–∏–ª–µ–≥–∏–∏! –ü–æ–¥–∫–ª—é—á–∞–π—Ç–µ—Å—å –∑–∞ 1‚ÇΩ —Å –ø—Ä–æ–º–æ CRM76 (–¥–æ 31.07) clc.to/g20JF
27.jpg,"3=2 –Ω–∞ –¢–ò–•–ò–ï –í–ò–ù–ê, –í–û–î–ö–£, –ë–†–ï–ù–î–ò –ø–æ –≤–∞—à–µ–π –∫–∞—Ä—Ç–µ 16.06 lenta.com/ZiXW"
28.jpg,"–í—è—á–µ—Å–ª–∞–≤, —Å–∫–∏–¥–∫–∏ –¥–æ 50%! –£—á–∞—Å—Ç–≤—É–π—Ç–µ –≤ –†–ê–°–ü–†–û–î–ê–ñ–ï Hoff –¥–æ 31.07 l.hoff.ru/nUfs8"
29.jpg,–î–æ 9.07 –¥–∞—Ä–∏–º –∫–µ—à–±—ç–∫ 300—Ä –∑–∞ —á–µ–∫ –æ—Ç 800—Ä! –ö–µ—à–±—ç–∫ –¥–µ–π—Å—Ç–≤. 10.07-16.07
30.jpg,–§–∏–Ω–∞–ª—å–Ω–∞—è —Ä–∞—Å–ø—Ä–æ–¥–∞–∂–∞! –õ–ï–¢–û —Ü–µ–Ω—ã –ü–û–ü–û–õ–ê–ú! Francesco.ru
31.png,"-30% –Ω–∞ –≤—Å—ë –∫–æ –î–Ω—é –†–æ—Å—Å–∏–∏ –¥–æ 12.06.23 –≤ KARI –û–±—É–≤—å,–¥–µ—Ç—Å—Ç–≤–æ,—Å–ø–æ—Ä—Ç"
32.jpg,–ú–Ø–£ üê± –í –õ–≠–¢–£–ê–õ–¨ —á–µ—Ä–Ω–∞—è –ø—è—Ç–Ω–∏—Ü–∞ –õ–ï–¢–û–ú! –°–∫–∏–¥–∫–∏ –¥–æ 80%! üêà letu.ru/jp
33.jpg,"–ï–ª–µ–Ω–∞ –í–∞–ª–µ—Ä—å–µ–≤–Ω–∞, –¥–ª—è –≤–∞—Å –æ—Å–æ–±—ã–µ —É—Å–ª–æ–≤–∏—è –ø–æ –∫—Ä–µ–¥–∏—Ç—É - 2¬†450¬†000 —Ä. –ø–æ–¥ 9.4% —Å —Ñ–∏–Ω–∞–Ω—Å–æ–≤–æ–π –∑–∞—â–∏—Ç–æ–π –Ω–∞ 60 –º–µ—Å. –ü–æ–¥–∞–π—Ç–µ –∑–∞—è–≤–∫—É –≤ –ª—é–±–æ–º –æ—Ñ–∏—Å–µ –ì–∞–∑–ø—Ä–æ–º–±–∞–Ω–∫–∞. –ü–æ–¥—Ä–æ–±–Ω–µ–µ: s.gpb.ru/m/JDuem –ë–∞–Ω–∫ –ì–ü–ë (–ê–û). –ù–µ –æ—Ñ–µ—Ä—Ç–∞"
34.jpg,"-25% –Ω–∞ —É—Ö–æ–¥–æ–≤—É—é –∫–æ—Å–º–µ—Ç–∏–∫—É –∏ –º–∞–∫–∏—è–∂ –≤ ""–ü–æ–¥—Ä—É–∂–∫–µ"" –¥–æ 09.07. –ö–æ–¥:2924116 https://m.mrktlg.com/f-mP-3nt8X  –û–û–û ¬´–¢–∞–±–µ—Ä –¢—Ä–µ–π–¥¬ª, –û–ì–†–ù 1037739861851, 115280, –≥. –ú–æ—Å–∫–≤–∞, —É–ª. –õ–µ–Ω–∏–Ω—Å–∫–∞—è –°–ª–æ–±–æ–¥–∞, –¥.19, –∫–æ–º–Ω. 21–í"
35.jpg,–ü–µ—Ä–≤–æ–º–∞–π –Ω–∞—Å—Ç—É–ø–∞–µ—Ç! –ü–æ–∫–∞–∂–∏ —Å–º—Å –∏ –ø–æ–ª—É—á–∏ —Å–∫–∏–¥–∫—É 20% –¥–æ 1.05! –õ–∞–≤–∫–∞ –û—Ä–∫–∞
36.png,–î–µ–Ω—å–≥–∏ –Ω–∞ –∫–∞—Ä—Ç—É –∑–∞ 5 –º–∏–Ω—É—Ç! –ü–æ–ª—É—á–∏—Ç–µ –Ω—É–∂–Ω—É—é —Å—É–º–º—É –±–µ–∑ –∑–∞–ª–æ–≥–∞! –£—Å–ø–µ–π—Ç–µ: https://m .mrktlg.com/w fsXciOLX
37.jpg,"–°–∫–∏–¥–∫–∞ 30% –Ω–∞ 1-–π –∑–∞–∫–∞–∑ –≤ –°–±–µ—Ä–ú–∞—Ä–∫–µ—Ç–µ –æ—Ç 1500—Ä. –ö–æ–¥ ""RST"" –¥–æ 30.06.23 https://m.mrktlg.com/ydKtPCtxLX/SBERMARKET  –û–û–û ""–ò–Ω—Å—Ç–∞–º–∞—Ä—Ç –°–µ—Ä–≤–∏—Å"", –≥. –ú–æ—Å–∫–≤–∞, –°–∞–¥–æ–≤–Ω–∏—á–µ—Å–∫–∞—è —É–ª, –¥. 9–∞, —ç—Ç–∞–∂/–ø–æ–º–µ—â./–∫–æ–º. 5/I/1, –û–ì–†–ù 1187746494980 6+"
38.jpg,–†–∞—Å–∫—Ä–∞—Å—å—Ç–µ —Å–≤–æ—ë –ª–µ—Ç–æ! –ë–æ–ª–µ–µ 469 –º–ª–Ω –≤ –°–ø–æ—Ä—Ç–ª–æ—Ç–æ 4–∏–∑20 stolo.to/420
39.jpg,–°–µ–≥–æ–¥–Ω—è —Ä–∞—Å–ø—Ä–µ–¥–µ–ª–∏–º –≤—Å—ë! –£—á–∞—Å—Ç–≤—É–π—Ç–µ –≤ —Ä–æ–∑—ã–≥—Ä—ã—à–µ –¢–æ–ø-3 stolo.to/top3
40.jpg,–•–ê–õ–í–ê –∏ –Ø–ù–î–ï–ö–° GO: –î–æ +20% –∫—ç—à–±—ç–∫–∞ –Ω–∞ –ø–æ–µ–∑–¥–∫–∏ https://hva.im/2tq8g5
41.jpg,–ò–∑–∏ —Å–µ—Ç! 72 —à—Ç –≤—Å–µ–≥–æ –∑–∞ 1389 —Ä—É–±–ª–µ–π –ø–æ –∫–æ–¥—É 9932 –¥–æ 30.06 –Ω–∞ farfor.ru
42.jpg,"–°–∫–∏–¥–∫–∏ –¥–æ -30% –Ω–∞ –í–°–ï –≤ –ù–û–í–û–ú kari –¢–¶ –°–ø–∞—Ä,—É–ª.–û–∫—Ç—è–±—Ä—å—Å–∫–∞—è 91!–î–æ 09.04"
43.jpg,–ö—É–ø–∏—Ç–µ –Ω–∞ 700 ‚ÇΩ –¥–æ 08.07: –Ω–∞—á–∏—Å–ª–∏–º 700 –±–∞–ª–ª–æ–≤ –Ω–∞ 10 –¥–Ω–µ–π.
44.jpg,–í–∞–º –ë–æ–Ω—É—Å 65000 —Ä—É–±. –í–∞—à —Å—Ç–∞—Ç—É—Å –ü–õ–ê–¢–ò–ù–£–ú: netgm.ru/FD.8CN
45.png,–°–ø–µ—Ü–∏–∞–ª—å–Ω–æ –¥–ª—è –í–∞—Å - —Å–∫–∏–¥–∫–∞ 3000 —Ä—É–±–ª–µ–π –Ω–∞ realme 9i!   –ü—Ä–æ—Å—Ç–æ –≤—ã–±–µ—Ä–∏—Ç–µ –º–æ–¥–µ–ª—å –∏ —É–∫–∞–∂–∏—Ç–µ –í–∞—à –ø—Ä–æ–º–æ–∫–æ–¥ GMRV838GVU –ø—Ä–∏ –ø–æ–∫—É–ø–∫–µ —Å–º–∞—Ä—Ç—Ñ–æ–Ω–∞ –≤ –ú–µ–≥–∞–§–æ–Ω–µ –¥–æ 31.07.2023.   –í—ã–±—Ä–∞—Ç—å: www.megafon.ru/go/real_128gb
46.jpg,–õ–∏–º–∏—Ç –¥–æ 150 000 —Ä—É–±. —Ç–æ–ª—å–∫–æ –ø–æ –ø–∞—Å–ø–æ—Ä—Ç—É ‚Äî –∏ –¥–æ 365 –¥–Ω–µ–π –±–µ–∑ % –Ω–∞ –ø–æ–∫—É–ø–∫–∏. –ü–æ–¥—Ä–æ–±–Ω–µ–µ: https://beel.ink/ahTAW –ê–û –ê–ª—å—Ñ–∞-–ë–∞–Ω–∫. –ì–µ–Ω. –ª–∏—Ü–µ–Ω–∑–∏—è –¶–ë –†–§ 1326 –æ—Ç 16.01.15. –ù–µ –æ—Ñ–µ—Ä—Ç–∞
47.jpg,¬´CRAZY SALE¬ª —Å–∫–∏–¥–∫–∏ –¥–æ 50%+20% –Ω–∞ –≤—Ç–æ—Ä—É—é! Francesco.ru
48.jpg,-25% –Ω–∞ –ö–û–†–ú–ê/–õ–ê–ö–û–ú–°–¢–í–ê –¥–ª—è –∂–∏–≤–æ—Ç–Ω—ã—Ö 27.06 –°—É–ø–µ—Ä –õ–µ–Ω—Ç–∞ lenta.com/Ar9M
49.jpg,–¢–æ–ª—å–∫–æ –¥–æ 1.07 -75% –î–† –∫–ª—É–±–∞‚ö°Ô∏è –£—Å–ø–µ–π‚ùóÔ∏è 84950115443
50.jpg,"–ú–∏—Ö–∞–∏–ª –í–ª–∞–¥–∏–º–∏—Ä–æ–≤–∏—á, –æ—Ç–∫—Ä–æ–π—Ç–µ –°–±–µ—Ä–í–∫–ª–∞–¥ –ü—Ä–∞–π–º —Å –¥–æ—Ö–æ–¥–Ω–æ—Å—Ç—å—é –¥–æ 7,2% –≥–æ–¥–æ–≤—ã—Ö —Å –≤–æ–∑–º–æ–∂–Ω–æ—Å—Ç—å—é –ø–æ–ø–æ–ª–Ω–µ–Ω–∏—è. –ü–æ–¥—Ä–æ–±–Ω–µ–µ: www.sberbank.com/sms/mp  –£—Å–ª–æ–≤–∏—è –¥–µ–π—Å—Ç–≤–∏—Ç–µ–ª—å–Ω—ã –Ω–∞ –¥–∞—Ç—É —Ä–∞—Å—Å—ã–ª–∫–∏. –ê —á—Ç–æ–±—ã –º—ã –º–æ–≥–ª–∏ —É–ª—É—á—à–∏—Ç—å –ø—Ä–æ–¥—É–∫—Ç—ã, –ø—Ä–æ–π–¥–∏—Ç–µ, –ø–æ–∂–∞–ª—É–π—Å—Ç–∞, –æ–ø—Ä–æ—Å: https://s.sber.ru/GSBnK  –ü–ê–û –°–±–µ—Ä–±–∞–Ω–∫"
51.jpg,–ó–∞–∫—Ä—ã—Ç—ã–π WEEKEND –¥–ª—è —Å–≤–æ–∏—Ö -20% + 3 –ü–æ–¥–∞—Ä–∫–∞ –≤ –∑–∞–∫–∞–∑
52.jpg,–£—Å–ø–µ–π –¥–æ 2.07 –≤ –†–ò–í –ì–û–®! –°–∫–∏–¥–∫–∏ –¥–æ 50% –Ω–∞ 500 –º–∞—Ä–æ–∫! rivegch.ch/rvdrc
53.jpg,- 70% –Ω–∞ –§–∏—Ç–Ω–µ—Å —Å –ë–∞—Å—Å–µ–π–Ω–æ–º! –¢–æ–ª—å–∫–æ –¥–æ 30.09.2022  –î–Ω–∏ –æ—Ç–∫—Ä—ã—Ç—ã—Ö –¥–≤–µ—Ä–µ–π –≤ ¬´–°–°–°–† –ú–∞—Ä—å–∏–Ω–æ¬ª! –ü–æ–¥—Ä–æ–±–Ω–æ—Å—Ç–∏: 84951543925 
54.jpg,"–ü–æ–ª—É—á–∏—Ç–µ –∫—Ä–µ–¥–∏—Ç–Ω—É—é –∫–∞—Ä—Ç—É –ú–¢S CASHBACK —Å –±–µ—Å–ø–ª–∞—Ç–Ω—ã–º –æ–±—Å–ª—É–∂–∏–≤–∞–Ω–∏–µ–º –∏ –ª–∏–º–∏—Ç–æ–º –¥–æ 1 –º–ª–Ω —Ä—É–±–ª–µ–π. –ü–æ–ª—å–∑—É–π—Ç–µ—Å—å –ª—å–≥–æ—Ç–Ω—ã–º –ø–µ—Ä–∏–æ–¥–æ–º –¥–æ 415 –¥–Ω–µ–π –Ω–∞ –ø–æ–∫—É–ø–∫–∏ –≤ –º–∞–≥–∞–∑–∏–Ω–∞—Ö –ú–¢–° –∏ –¥–æ 111 –¥–Ω–µ–π –Ω–∞ –≤—Å—ë –æ—Å—Ç–∞–ª—å–Ω–æ–µ: l.mts.ru/1/creditpl –ü–ê–û ""–ú–¢–°-–ë–∞–Ω–∫"""
55.jpg,–ö–µ—à–±—ç–∫ 20% –∑–∞ –≤–ª–∞–∂. –∫–æ—Ä–º–∞ Whiskas –æ—Ç 150 ‚ÇΩ –¥–æ 10.07: lp.5ka.ru/WHb0407
56.jpg,"–ú—ã –∑–Ω–∞–µ–º, –∫—Ç–æ –í–∞–º –∑–≤–æ–Ω–∏–ª. –≠—Ç–æ - ""–†—É—Å—Å–∫–∏–π –°—Ç–∞–Ω–¥–∞—Ä—Ç, –±–∞–Ω–∫"". –•–æ—Ç–∏—Ç–µ –æ–ø—Ä–µ–¥–µ–ª—è—Ç—å –Ω–µ–∑–Ω–∞–∫–æ–º—ã–µ –Ω–æ–º–µ—Ä–∞ –≤–æ –≤—Ä–µ–º—è –∑–≤–æ–Ω–∫–∞? –í–∫–ª—é—á–∏—Ç–µ —É—Å–ª—É–≥—É ""–ó–Ω–∞—é, –∫—Ç–æ –∑–≤–æ–Ω–∏—Ç Plus"" –∑–∞ 99 —Ä—É–±./–º–µ—Å—è—Ü. –ù–∞–±–µ—Ä–∏—Ç–µ: *963*2# –∏–ª–∏ –æ—Ç–ø—Ä–∞–≤—å—Ç–µ 2 –≤ –æ—Ç–≤–µ—Ç –Ω–∞ —ç—Ç–æ SMS.  –£–∑–Ω–∞–π—Ç–µ, –∫—Ç–æ –≤–∞–º –∑–≤–æ–Ω–∏–ª —Å –Ω–µ–∑–Ω–∞–∫–æ–º–æ–≥–æ –Ω–æ–º–µ—Ä–∞, –ø–æ—Å—Ç–∞–≤—å—Ç–µ –µ–º—É —Ä–µ–π—Ç–∏–Ω–≥, –ø–æ—á–∏—Ç–∞–π—Ç–µ –∫–æ–º–º–µ–Ω—Ç–∞—Ä–∏–∏ –¥—Ä—É–≥–∏—Ö –ø–æ–ª—å–∑–æ–≤–∞—Ç–µ–ª–µ–π –∏ –æ—Å—Ç–∞–≤—å—Ç–µ —Å–≤–æ–π –Ω–∞ –ø–æ—Ä—Ç–∞–ª–µ —É—Å–ª—É–≥–∏: https://zkz.megafon.ru/"
57.jpg,"–î–æ—Ä–æ–≥–æ–π —Å–æ—Å–µ–¥,  2 –∏—é–ª—è –ø—Ä–∏–≥–ª–∞—à–∞–µ–º –Ω–∞ –æ—Ç–∫—Ä—ã—Ç–∏–µ –æ–±–Ω–æ–≤–ª–µ–Ω–Ω–æ–≥–æ —Å—É–ø–µ—Ä–º–∞—Ä–∫–µ—Ç–∞ ¬´–ê–Ω–≤–∞—Ä¬ª –ø–æ —É–ª. –ê–ª–º–∞—Ç—ã 5.  –ñ–¥–µ–º –≤–∞—Å –∏ –≤–∞—à–∏—Ö –¥—Ä—É–∑–µ–π. –ü—Ä–∏—Ö–æ–¥–∏—Ç–µ –∏ –ø–æ–ª—É—á–∏—Ç–µ —Å–≤–æ–π –≥–∞—Ä–∞–Ω—Ç–∏—Ä–æ–≤–∞–Ω–Ω—ã–π –ø–æ–¥–∞—Ä–æ–∫!"
58.jpg,"–ú—ã —Å–∫—É—á–∞–µ–º! –î–æ 31.07 –¥–∞—Ä–∏–º —Å–∫–∏–¥–∫—É -25%, –¥–æ 12:00 -30% podrygka.ru/s"
59.jpg,–° –î–Ω—ë–º –†–æ–∂–¥–µ–Ω–∏—è! –î–∞—Ä–∏–º —Å–∫–∏–¥–∫—É 10% –Ω–∞ —Å–ª–µ–¥—É—é—â–∏–π –∑–∞–µ–º. –í–∞—à –ø—Ä–æ–º–æ–∫–æ–¥ HBDAY lmzm.cc/Nm
60.jpg,"–°—É–ø–µ—Ä—Ü–µ–Ω—ã –Ω–∞ 1000 —Ç–æ–≤–∞—Ä–æ–≤ –¥–æ 08.03.23! –ü–∏—Ä–æ–≥–æ–≤–∞ 63 –∏ –î–æ–±—Ä–æ—Å—Ç—Ä–æ–π.—Ä—Ñ –û–û–û ""–≠–¢–ö"", –û–ì–†–ù 1023000836836, –≥. –ê—Å—Ç—Ä–∞—Ö–∞–Ω—å, —É–ª. –°–≤–µ—Ä–¥–ª–æ–≤–∞, –¥. 47"
61.jpg,–ú—ã –æ—Ç–∫—Ä—ã–ª–∏—Å—åü•≥ –î–æ—Å—Ç–∞–≤–∫–∞ —Å—É—à–∏ –∏ —Ä–æ–ª–ª–æ–≤ –≤ –¶–∞—Ä–∏—Ü—ã–Ω–æüç£ yobidoyobi.ru
62.jpg,"–¢–æ–ª—å–∫–æ –¥–ª—è –∞–±–æ–Ω–µ–Ω—Ç–æ–≤ Tele2. –ê—Ä–µ–Ω–¥—É–π—Ç–µ –∞–≤—Ç–æ–º–æ–±–∏–ª—å ""–°–∏—Ç–∏–¥—Ä–∞–π–≤"" –≤—Å–µ–≥–æ –∑–∞ 1 —Ä—É–±. –ê–∫—Ü–∏—è —Ä–∞—Å–ø—Ä–æ—Å—Ç—Ä–∞–Ω—è–µ—Ç—Å—è –Ω–∞ –ø–æ–µ–∑–¥–∫–∏ —Å—Ç–æ–∏–º–æ—Å—Ç—å—é –¥–æ 600 —Ä—É–±. –∏ –¥–µ–π—Å—Ç–≤—É–µ—Ç –¥–æ 31.08.23. –ü–æ–¥—Ä–æ–±–Ω–µ–µ ‚Äì –≤ –ø—Ä–æ–≥—Ä–∞–º–º–µ ""–ë–æ–ª—å—à–µ"": l.tele2.ru/b81RJ"
63.jpg,"–î–æ 03.7 –ü–∏—Ü—Ü–∞ –ü–ï–ü–ï–†–û–ù–ò 499, –¢–æ–º–∞—Ç—ã –ú–∞—Ö–∏—Ç–æ—Å 159,9 —É–ª.–¢–æ–∫–∞—Ä–µ–≤–∞ 15"
64.jpg,"iPhone 14 —Å –ë–ï–ó–õ–ò–ú–ò–¢–ù–´–ú –∏–Ω—Ç–µ—Ä–Ω–µ—Ç–æ–º –Ω–∞ –≥–æ–¥ –∏ —ç–∫–æ–Ω–æ–º–∏–µ–π –Ω–∞ —Ç–∞—Ä–∏—Ñ–µ –æ—Ç 37 500 —Ç–µ–Ω–≥–µ –≤ –º–µ—Å—è—Ü. –°–º–∞—Ä—Ç—Ñ–æ–Ω+—Ç–∞—Ä–∏—Ñ –≤ Kcell|activ store  - —ç—Ç–æ –≤—ã–≥–æ–¥–Ω–µ–µ, —á–µ–º –ø—Ä–æ—Å—Ç–æ —Ä–∞—Å—Å—Ä–æ—á–∫–∞! –ü—Ä–∏–æ–±—Ä–µ—Å—Ç–∏ –º–æ–∂–Ω–æ –∑–¥–µ—Å—å: https://i.activ.kz/iphone14 –∏–ª–∏ –ø–æ –∞–¥—Ä–µ—Å—É –≥. –ö–æ–∫—à–µ—Ç–∞—É, —É–ª. –ê–∫–∞–Ω –°–µ—Ä—ã, 91, –º–∞–≥–∞–∑–∏–Ω Kcell/activ"
65.jpg,"–í—ã–≥–æ–¥–Ω–∞—è –ø–æ–¥–ø–∏—Å–∫–∞ –æ—Ç –ü–µ—Ä–µ–∫—Ä—ë—Å—Ç–∫–∞! –ö–µ—à–±—ç–∫ –¥–æ 10% –Ω–∞ –≤—Å–µ –ø–æ–∫—É–ø–∫–∏, –¥–æ–ø. –≤—ã–≥–æ–¥—ã –Ω–∞ –≤—ã–ø–µ—á–∫—É –∏ –∫—É–ª–∏–Ω–∞—Ä–∏—é, –±–æ–Ω—É—Å—ã –æ—Ç –ø–∞—Ä—Ç–Ω—ë—Ä–æ–≤: clc.to/e5lnP"
66.jpg,"–ö—É–ø–∏ —à—É–±–∫—É –≤–µ—Å–Ω–æ–π –∏ –≤—ã–∏–≥—Ä–∞–π iPhone, –í–∞–º –∫—É–ø–æ–Ω-500 —Ä—É–±.,—É–ª.–ü—É—à–∫–∏–Ω–∞ 65/2"
67.jpg,"–•–æ—á—É —Å–¥–µ–ª–∞—Ç—å –í–∞–º –Ω–æ–≤—ã–π –ø–æ–¥–∞—Ä–æ–∫ - 14 –¥–Ω–µ–π –±–µ—Å–ø–ª–∞—Ç–Ω–æ–≥–æ –¥–æ—Å—Ç—É–ø–∞ –≤ –æ–Ω–ª–∞–π–Ω-–∫–∏–Ω–æ—Ç–µ–∞—Ç—Ä START –∏ –≥–æ–¥–æ–≤—É—é —Å–∫–∏–¥–∫—É 35% –Ω–∞ –ø—Ä–æ–¥–ª–µ–Ω–∏–µ.   –ß—Ç–æ–±—ã –∑–∞–±—Ä–∞—Ç—å –ø–æ–¥–∞—Ä–æ–∫, –ø–æ–ø–æ–ª–Ω–∏—Ç–µ —Å—á–µ—Ç –æ—Ç 100 —Ä—É–±. –¥–æ –∑–∞–≤—Ç—Ä–∞: –ø—Ä–æ—Å—Ç–æ –æ—Ç–ø—Ä–∞–≤—å—Ç–µ –º–Ω–µ –Ω—É–∂–Ω—É—é —Å—É–º–º—É —Ü–∏—Ñ—Ä–æ–π –≤ –æ—Ç–≤–µ—Ç–Ω–æ–º —Å–æ–æ–±—â–µ–Ω–∏–∏, —ç—Ç–æ –±–µ—Å–ø–ª–∞—Ç–Ω–æ.   –ê –µ—Å–ª–∏ –∑–∞—Ö–æ—Ç–∏—Ç–µ —É–∑–Ω–∞—Ç—å –æ–±–æ –º–Ω–µ –±–æ–ª—å—à–µ - –Ω–∞–ø–∏—à–∏—Ç–µ ¬´–ü—Ä–∏–≤–µ—Ç¬ª."
68.jpg,–†–æ–ª–ª —Å –ª–æ—Å–æ—Å–µ–º –∑–∞ 1—Ä. –ø—Ä–∏ –∑–∞–∫–∞–∑–µ –æ—Ç 1000—Ä. –í–≤–æ–¥–∏ 0107 - clck.ru/34tG8k
69.jpg,–ë—ã—Ç—å –Ω–∞ —Å–≤—è–∑–∏ –≤—ã–≥–æ–¥–Ω–æ! –ü–æ–ø–æ–ª–Ω–∏—Ç–µ —Å—á–µ—Ç –Ω–∞ 200 —Ä—É–±. –¥–æ 27.05.2023 –∏ –ø–æ–ª—É—á–∏—Ç–µ 100 –º–∏–Ω –µ–∂–µ–º–µ—Å—è—á–Ω–æ –≤ —Ç–µ—á–µ–Ω–∏–µ 3 –º–µ—Å—è—Ü–µ–≤. –í–∞—à –ú–¢–°
70.png,–î–µ–Ω—å–≥–∏ –Ω–∞ –∫–∞—Ä—Ç—É –∑–∞ 5 –º–∏–Ω—É—Ç! –ü–æ–ª—É—á–∏—Ç–µ –Ω—É–∂–Ω—É—é —Å—É–º–º—É –±–µ–∑ –∑–∞–ª–æ–≥–∞! –£—Å–ø–µ–π—Ç–µ: https://m.mrktlg.com/An7Wwdnt8X
71.jpg,–î–∞—Ä–∏–º —Å–∫–∏–¥–∫—É 1000—Ä –ø—Ä–∏ –ø–æ–∫—É–ø–∫–µ –æ—Ç 5000—Ä –¥–æ 31.12! –ü—Ä–æ–º–æ–∫–æ–¥ D583AB922D
72.jpg,–ü–µ—Ä–≤—ã–π –∑–∞—ë–º –¥–æ 30000 —Ä—É–±. –ø–æ–¥ 0% –Ω–∞ 30 –¥–Ω–µ–π https://wbnkr.ru/vsqW9h6 –û–û–û –ú–§–ö –í–≠–ë–ë–ê–ù–ö–ò–†
74.jpg,"–í–∞–º 60 –¥–Ω–µ–π –ø–æ–¥–ø–∏—Å–∫–∏ –ü—Ä–∞–π–º –∑–∞ 1‚ÇΩ, –ø–æ–¥–∫–ª—é—á–∞–π—Ç–µ—Å—å cutt. y/ aWYAHVDV"
75.jpg,–ê—Å—Ç–∞–Ω–∞ –∫“Ø–Ωi–º–µ–Ω! –î–∞—Ä–∏–º –í–∞–º 17000 –±–æ–Ω—É—Å–æ–≤ –¥–æ 10.07.2023 kz.kari.com
76.jpg,–£–°–ü–ï–ô –ü–û–¢–†–ê–¢–ò–¢–¨ –í–ï–°–¨ –ù–ê–ß–ò–°–õ–ï–ù–ù–´–ô –ö–ï–®–ë–≠–ö –î–û 1.05! –° 1.05 –ù–ê–ß–ò–°–õ–ï–ù–ò–Ø –î–ï–ô–°–¢–í–£–Æ–¢ 30 –î–ù–ï–ô! –£–°–õ–û–í–ò–Ø - gj.rs/1
77.jpg,–°–µ–≥–æ–¥–Ω—è! –ñ–∞—Ä–∫–∏–π —Å–µ—Ç –≤—Å–µ–≥–æ 999—Ä üòã –°–∫–∏–¥–∫–∞ 14% üç£ sushiwok.ru/h1v
78.jpg,–£—Å–ø–µ–π—Ç–µ –∫—É–ø–∏—Ç—å –ø–æ—Å–ª–µ–¥–Ω–∏–µ –±–∏–ª–µ—Ç—ã VK –§–µ—Å—Ç. –ë–∏–ª–µ—Ç—ã: www.goo.su/VKFEST23
79.jpg,"–õ–µ—Ç–æ ‚Äì –≤—Ä–µ–º—è –¥–æ–º–∞—à–Ω–µ–≥–æ –∏–Ω—Ç–µ—Ä–Ω–µ—Ç–∞! –ê —Å —Ç–∞—Ä–∏—Ñ–æ–º ¬´–õ–µ—Ç–æ¬ª –æ—Ç –í–æ–ª–Ω—ã –¥–æ—Å—Ç—É–ø–Ω–æ —Å—Ä–∞–∑—É –≤—Å—ë: –¥–æ–º–∞—à–Ω–∏–π –∏–Ω—Ç–µ—Ä–Ω–µ—Ç, –º–æ–±–∏–ª—å–Ω–∞—è —Å–≤—è–∑—å –∏ –±–æ–ª–µ–µ 100 –¢–í-–∫–∞–Ω–∞–ª–æ–≤ –≤—Å–µ–≥–æ –∑–∞ 150 —Ä—É–±./–º–µ—Å.! –ü—Ä–æ–∫–∞—á–∞–π —Å–≤–æ—ë –ª–µ—Ç–æ https://clck.ru/34ZiSN"
80.jpg,C–∫–∏–¥–∫–∞! –ì–æ–¥ –∑–∞ 127–ö –≤–º–µ—Å—Ç–æ 250–ö. –£ —Ç–µ–±—è 2 –¥–Ω—è: https://rrj.nu/h4AvbNQx
81.jpg,100% —Å–∫–∏–¥–∫–∞ –Ω–∞ –≤—Å—Ç—É–ø.–≤–∑–Ω–æ—Å –ø–æ 30.06. –£—Å–ø–µ–π –¥–æ –ø–æ–≤—ã—à–µ–Ω–∏—è! 84951282285
82.jpg,–ö–≤–∞—Ä—Ç–∏—Ä—ã —Å —Ä–µ–º–æ–Ω—Ç–æ–º –∏ –∫—É—Ö–Ω–µ–π –æ—Ç 23 064—Ä/–º–µ—Å 88432123160 clck.ru/34dvgn
83.jpg,–°–∫–∏–¥–∫–∞ 500 –Ω–∞ –ø–µ—Ä–≤—ã–π –∑–∞–∫–∞–∑ –æ—Ç 3500 –ø–æ –ø—Ä–æ–º–æ–∫–æ–¥—É 1ST bit.ly/new1ST
84.jpg,–î–æ -60% –Ω–∞ –≤—Å–µ –¥–µ—Ç—Å–∫–∏–µ —Ç–æ–≤–∞—Ä—ã –≤ –ú–∞–≥–Ω–∏—Ç –ö–æ—Å–º–µ—Ç–∏–∫ –¥–æ 3.06 clck.ru/34aDDe
85.jpg,"–ë–æ–Ω—É—Å—ã –ø–æ –∫–æ–¥—É NTXVB-5ZX22 –¥–æ 09.08 –≤ –∏–≥—Ä–µ ""–ú–∏—Ä —Ç–∞–Ω–∫–æ–≤"". –ü–æ–¥—Ä–æ–±–Ω–µ–µ: https://m.mrktlg.com/GDg_PhixmX 12+"
86.jpg,"–°–∫–∏–¥–∫–∞ –¥–æ 85% –≤ –ª—é–±–∏–º—ã—Ö –º–æ–±–∏–ª—å–Ω—ã—Ö –∏–≥—Ä–∞—Ö ‚Äî —Å—Ç–∞—Ä—Ç—É–µ—Ç Google DCB Summer Deals Week 2023! C 29 –∏—é–Ω—è –ø–æ 6 –∏—é–ª—è –∑–∞–ª–µ—Ç–∞–π—Ç–µ –≤ PUBG, Roblox, Genshin Impact –∏ –¥—Ä—É–≥–∏–µ –∏–≥—Ä—ã –∏ –ø–æ–ª—É—á–∞–π—Ç–µ –±–æ–Ω—É—Å—ã. –ü–æ–¥—Ä–æ–±–Ω–µ–µ: https://bee.gg/e/google_dcb_rus"
87.jpg,"–°–£–ü–ï–†–°–ö–ò–î–ö–ò! –®–û–†–¢–´ –æ—Ç 449,–ú–ê–ô–ö–ò –æ—Ç 199, –ü–õ–ê–¢–¨–Ø –æ—Ç 349, –î–ñ–ò–ù–°–´ –æ—Ç 599!"
88.jpg,–ò–¥–µ–∞–ª—å–Ω—ã–π –ø–æ–¥–∞—Ä–æ–∫ –∫ 14.02!–ó–æ–ª–æ—Ç–æ–µ –∫–æ–ª—å—Ü–æ —Å –ë–†–ò–õ–õ–ò–ê–ù–¢–û–ú –Ø–ö–£–¢–ò–ò –∑–∞ 9990—Ä
89.jpg,–î–µ—Ä–∂–∏ +150% –∫ –¥–µ–ø–æ–∑–∏—Ç—É –≤ –∫–∞–∑–∏–Ω–æ üíµ –ü–æ–ø–æ–ª–Ω—è–π —Å—á–µ—Ç –æ—Ç 10 BYN –∏ –≤—Ä–∞—â–∞–π –Ω–∞ –≤—Å—é >>> https://go.pm.by/ePHbzwGp
90.jpg,–°–∫–∏–¥–∫–∞ 600‚ÇΩ –Ω–∞ –ø–æ–∫—É–ø–∫—É –æ—Ç 1490‚ÇΩ —Å –ø—Ä–æ–º–æ–∫–æ–¥–æ–º rao2b0gl7y. –£—Å–ø–µ–π—Ç–µ –∑–∞–∫–∞–∑–∞—Ç—å –¥–æ 17.04. sbermarket://promotion_code/rao2b0gl7y
91.jpg,"–ù–û–í–ê–Ø –∫–æ–ª–ª–µ–∫—Ü–∏—è –∏ –°–ö–ò–î–ö–ê 500 —Ä—É–±–ª–µ–π –≤ –º–∞–≥–∞–∑–∏–Ω–µ –ü–ª–∞–Ω–µ—Ç–∞ –°–µ–∫–æ–Ω–¥ –•–µ–Ω–¥ (–ò–≤–∞–Ω—Ç–µ–µ–≤–∫–∞, –ü–µ—Ä–≤–æ–º–∞–π—Å–∫–∞—è, 29, –ø–æ–º.1)! –î–µ–π—Å—Ç–≤—É–µ—Ç 01.07-04.07.23. –ü–æ–¥—Ä–æ–±–Ω–µ–µ –≤ –º–∞–≥–∞–∑–∏–Ω–µ https://m.mrktlg.com/PtftXCQt8X/PLANETA_SH"
92.jpg,–í–∞–º –ü–û–î–ê–†–û–ö-–£–ö–†–ê–®–ï–ù–ò–ï! –ë–ï–°–ü–õ–ê–¢–ù–û –≤ –º–∞–≥–∞–∑–∏–Ω–µ SUNLIGHT!–ö–æ–¥:wq32 –¥–æ 31.05 https://m.mts.ru/VLhBbDRr2X [18+]
93.jpg,–°–∫–∏–¥–∫–∏ –¥–æ 50% –Ω–∞ —Å–∫–æ–≤–æ—Ä–æ–¥—ã –¥–æ 31.03.2023! https://clck.ru/33epDo
94.jpg,‚ö°–°–∫–∏–¥–∫–∞ –Ω–∞ —Å—Ç—Ä–∞—Ö–æ–≤–∞–Ω–∏–µ –∏–ø–æ—Ç–µ–∫–∏ –æ—Ç –ê–û ¬´–ê–ª—å—Ñ–∞–°—Ç—Ä–∞—Ö–æ–≤–∞–Ω–∏–µ¬ª —á–µ—Ä–µ–∑ –±–∏–ª–∞–π–Ω –¥–ª—è –∫–ª–∏–µ–Ω—Ç–æ–≤ —Ä—è–¥–∞ –±–∞–Ω–∫–æ–≤. –ü–æ–¥—Ä–æ–±–Ω–µ–µ http://cm.beeline.ru/i/Gakq9YlglfNl6AI0
95.jpg,–î–≤–µ —Ñ–∏—Ä–º–µ–Ω–Ω—ã–µ –ø–∏—Ü—Ü—ã 35 —Å–º –ø–æ —Ü–µ–Ω–µ 860 –ö–æ–¥ 860 timspizza.ru
96.jpg,"–°–£–ü–ï–†–°–ö–ò–î–ö–ò! –®–û–†–¢–´ –æ—Ç 449, –ú–ê–ô–ö–ò –æ—Ç 199, –ü–õ–ê–¢–¨–Ø –æ—Ç 349, –î–ñ–ò–ù–°–´ –æ—Ç 599!"
97.jpg,–£–¥–∞—á–∞ –Ω–∞ —Ç–≤–æ–µ–π —Å—Ç–æ—Ä–æ–Ω–µüçÄ3 –ø–∏—Ü—Ü—ã=888—Ä –ö–æ–¥:maf4008! ekb.pizzamafia.ru/b6
98.jpg,"–°–£–ü–ï–†–°–ö–ò–î–ö–ò! –®–û–†–¢–´ –æ—Ç 449, –ú–ê–ô–ö–ò –æ—Ç 199, –ü–õ–ê–¢–¨–Ø –æ—Ç 349, –î–ñ–ò–ù–°–´ –æ—Ç 599!"
99.jpg,–û—Å—Ç–∞–ª–æ—Å—å 2 –¥–Ω—è! 35% + 50% —Ç–æ–≤–∞—Ä –≤—Å–µ –º–µ–Ω—å—à–µ.–ö–æ–¥ 3142.–î–µ–π—Å—Ç–≤—É–π—Ç–µ!
100.jpg,"–ü–æ–¥–∫–ª—é—á–µ–Ω –ø–∞–∫–µ—Ç ""KION"" –∑–∞ 0.0 —Ä—É–±./–º–µ—Å—è—Ü. –°–º–æ—Ç—Ä–∏—Ç–µ –ª—é–±–∏–º—ã–µ –∫–∞–Ω–∞–ª—ã –≤ –ø—Ä–∏–ª–æ–∂–µ–Ω–∏–∏ ""KION"": kion.onelink.me/26fZ/g –ü–æ—Å–º–æ—Ç—Ä–µ—Ç—å –∫–æ–Ω—Ç–µ–Ω—Ç, –∫–æ—Ç–æ—Ä—ã–π –≤—Ö–æ–¥–∏—Ç –≤ –ø–æ–¥–ø–∏—Å–∫—É: ""–ï—â—ë"" - ""–ü–æ–¥–ø–∏—Å–∫–∏"" - ""–ú–æ–∏"" - ""–ü–æ–¥–∫–ª—é—á—ë–Ω–Ω–∞—è –ø–æ–¥–ø–∏—Å–∫–∞"". –ü—Ä–∏—è—Ç–Ω–æ–≥–æ –ø—Ä–æ—Å–º–æ—Ç—Ä–∞!"
101.jpg,"–û–ª—å–≥–∞, –∂–∞–ª—å, —á—Ç–æ –≤—ã —É—à–ª–∏ –∏–∑ SUNLIGHT –±–µ–∑ –ø–æ–∫—É–ø–æ–∫. –î–∞—Ä–∏–º –ø–µ—Ä—Å–æ–Ω–∞–ª—å–Ω—É—é —Å–∫–∏–¥–∫—É –Ω–∞ –≤—Å–µ —Ç–æ–≤–∞—Ä—ã -5% –¥–æ 27.06 –ø–æ –∫–æ–¥—É 2760491. –ñ–¥–µ–º –≤–∞—Å!"
102.jpg,‚ö° -40% –Ω–∞ –í–°–ï –ø–æ –∫–æ–¥—É JUNE –¥–æ 12/06! https://bit.ly/45RFIir
103.jpg,"–¢–æ–ª—å–∫–æ 4 –¥–Ω—è –Ω–∞ –í–°–Å-10%, 29.06-02.07! –ò–¥–µ–∏ –°–µ–≤–ú–æ—Å—Ç"
104.jpg,–ì–ê–õ–ê–ö–¢–ò–ö–ê –ø–æ–∑–¥—Ä–∞–≤–ª—è–µ—Ç —Å –î–Ω—ë–º –∑–∞—â–∏—Ç—ã –î–µ—Ç–µ–π!  –ù–∞ –≤—Å–µ –¥–µ—Ç—Å–∫–∏–µ —Ç–æ–≤–∞—Ä—ã! –°–ö–ò–î–ö–ê -20% –° 31 –º–∞—è –ø–æ 4 –∏—é–Ω—è!
105.jpg,"–°–ø–∞—Å–∏–±–æ, —á—Ç–æ –í—ã —Å –Ω–∞–º–∏! –í —á–µ—Å—Ç—å –î–Ω—è —Ä–æ–∂–¥–µ–Ω–∏—è –ú–¢–° –¥–∞—Ä–∏–º –ø–µ—Ä—Å–æ–Ω–∞–ª—å–Ω—É—é —Å–∫–∏–¥–∫—É 15% –Ω–∞ —Å–º–∞—Ä—Ç—Ñ–æ–Ω—ã, –≥–∞–¥–∂–µ—Ç—ã, —Ç–µ–ª–µ–≤–∏–∑–æ—Ä—ã –∏ —É—Å—Ç—Ä–æ–π—Å—Ç–≤–∞ ""—É–º–Ω–æ–≥–æ"" –¥–æ–º–∞. –î–æ—Å—Ç—É–ø–Ω–∞ —Ä–∞—Å—Å—Ä–æ—á–∫–∞ –¥–æ 24 –º–µ—Å—è—Ü–µ–≤ –±–µ–∑ –ø–µ—Ä–≤–æ–≥–æ –ø–ª–∞—Ç–µ–∂–∞. –ü—Ä–∏—Ö–æ–¥–∏—Ç–µ –∑–∞ –ø–æ–∫—É–ø–∫–∞–º–∏ –≤ —Å–∞–ª–æ–Ω—ã –ú–¢–° –∏ –Ω–∞ https://shop.mts.by/21yo –í–∞—à –ú–¢–°"
106.jpg,–ò–º–ø–µ—Ä—Å–∫–∏–µ —Å–∫–∏–¥–∫–∏! –¢–æ–ª—å–∫–æ 14 –∏ 15 –º–∞—è –°–ö–ò–î–ö–ê-50% –Ω–∞ –í–°–Å! –ò–º–ø–µ—Ä–∏—è —Å—É–º–æ–∫
107.jpg,"–î–ª—è –í–∞—Å –¥–æ 20%–ø–æ–°–ú–° –∞ –∞–ø—Ç–µ–∫–µ –≥.–ù–∞—Ö–æ–¥–∫–∞,–ù–∞—Ö–æ–¥–∫–∏–Ω—Å–∫–∏–π –ø—Ä-—Ç,–¥.60,–¥–æ 12.07"
108.jpg,–ê–∫—Ç–∏–≤–∏—Ä—É–π —Å–≤–æ–π —Å–µ—Ä—Ç–∏—Ñ–∏–∫–∞—Ç –Ω–∞ –ª—å–≥–æ—Ç–Ω–æ–µ –æ–±—É—á–µ–Ω–∏–µ –≤ –ú–ú–£. 88007071892
109.jpg,–î–∞—Ä–∏–º –≤–∞–º —Å–∫–∏–¥–∫—É 5% –Ω–∞ –æ–¥–∏–Ω –∑–∞–∫–∞–∑ www.oz.by/s/h6g4PWHp7Mj6
110.jpg,–ú–∞–π—Å–∫–∞—è —Ä–∞—Å–ø—Ä–æ–¥–∞–∂–∞ –Ω–∞ –±—Ä–∏–ª–ª–∏–∞–Ω—Ç—ã –¥–æ -70% liniilubvi.ru/~zH
111.jpg,–í–∞–º 500 –±–æ–Ω—É—Å–æ–≤ –¥–æ 28.06! –û–ø–ª–∞—á–∏–≤–∞–π—Ç–µ –¥–æ 50% –ø–æ–∫—É–ø–∫–∏. letu.ru/5b6
112.jpg,–í—ã–∏–≥—Ä–∞–π—Ç–µ –±–æ–ª–µ–µ 49 –º–ª–Ω –≤ –ª–æ—Ç–µ—Ä–µ–µ –í—Å—ë –∏–ª–∏ –Ω–∏—á–µ–≥–æ –Ω–∞ stolo.to/1224
113.jpg,–º—è—É –≤ –ª—ç—Ç—É–∞–ª—å —á–µ—Ä–Ω–∞—è –ø—è—Ç–Ω–∏—Ü–∞ –õ–µ—Ç–æ–º!–°–∫–∏–¥–∫–∏ –¥–æ 80%
114.png,"–ë–µ—Å–ø–ª–∞—Ç–Ω–∞—è –∫—Ä–µ–¥–∏—Ç–Ω–∞—è –∫–∞—Ä—Ç–∞ ¬´180 –¥–Ω–µ–π¬ª –±–µ–∑ %, —Å–Ω—è—Ç–∏–µ –Ω–∞–ª–∏—á–Ω—ã—Ö –¥–æ 50 000 —Ä—É–±. –≤ –º–µ—Å—è—Ü –±–µ–∑ –∫–æ–º–∏—Å—Å–∏–∏. –û—Ñ–æ—Ä–º–∏—Ç—å s.gpb.ru/m/43riIvX7P –ë–∞–Ω–∫ –ì–ü–ë (–ê–û)"
115.jpg,SALE üí• –¥–æ -70% –Ω–∞ –í–°–Å –≤ –ó–æ–ª–æ—Ç–æ–π –ü–æ–¥–∫–æ–≤–µ üíçüíé –ø–æ 28.05! –°–ø–µ—à–∏—Ç–µ!
